"asin","desc"
"B08P6ZSXWZ","Nature Remo mini 2"
"B09HBCY5BF","CIO SMARTCOBY DUO 20W 10000mAh"
"B0BXSKY533","Anker 511 Power Bank (PowerCore Fusion 30W)"
"B0CHVXW6FV","CIO SMARTCOBY SLIM 20W"
"B0BVLTQ9VS","CIO SMARTCOBY Pro CABLE 10000m 35W"
"B0C5CBV6L3","Anker Prime Wall Charger (67W, 3 ports, GaN)"
"B0B6ZQJXW8","Anker Eufy Security SmartTrack Link"
"B08SQ9GSCV","Jabra Elite 85t ゴールドベージュ"
"B08K2XVVRS","Jabra Elite 85t チタニウムブラック"
"B08SBJQDPH","Jabra Elite 85t ブラック"
"B09DXV26HN","Technics EAH-AZ60-K"
"B0C5WZ737Z","Technics EAH-AZ60M2-K"
"B09DXTWD61","Technics EAH-AZ40-K (ノイキャンなし)"
"B09H6MY31J","Bluetooth 5.1 SHOKZ OpenMove"
"B0C89QM2W3","Shokz OpenComm 2"
"B09B8RXYM3","Echo Dot with clock クラウドブルー"
"B09TFB6KBW","UGREEN USB-C Lightningケーブル (0.25m)"
"B07PYP57TQ","UGREEN USB-C Lightningケーブル (1m)"
"B07Q4TT4TP","UGREEN USB-C Lightningケーブル (2m)"
"B0BRKPQKW9","Anker 310 USB-C & USB-C ケーブル 60W USB PD対応 (0.9m)"
"B0BRKRD1LJ","Anker 310 USB-C & USB-C ケーブル 60W USB PD対応 (1.8m)"
"B01N40PO2M","Anker iPhone充電ケーブル PowerLine II ライトニングケーブル (0.9m)"
"B07B7NXV4R","SwitchBot スイッチボット スイッチ 白"
"B0CH86QNSG","Jabra Elite 10 マットブラック"
"B0CH9XD5K6","Jabra Elite 10 グロスブラック"
"B09RWPR4SH","SONY LinkBuds WF-L900 HM グレー"
"B0CBKQZXT7","SONY WF-1000XM5 ブラック"
"B095SJYYV3","SONY WF-1000XM4 BM ブラック"
"B0B127JJQ2","SONY WF-LS900N BC ブラック"
"B0BZGTFF9L","SONY WF-C700N BZ ブラック"
"B09V11SN9N","Xiaomi Watch S1 シルバー"
"B0C7R1RN2D","Redmi Watch 3 Active ブラック"
