"B08P6ZSXWZ","スマートホーム","Nature Remo mini 2"
"B09HBCY5BF","モバイルバッテリー","CIO SMARTCOBY DUO 20W 10000mAh"
"B0BXSKY533","モバイルバッテリー","Anker 511 Power Bank (PowerCore Fusion 30W)"
"B0CHVXW6FV","モバイルバッテリー","CIO SMARTCOBY SLIM 20W"
"B0BVLTQ9VS","モバイルバッテリー","CIO SMARTCOBY Pro CABLE 10000m 35W"
"B0C5CBV6L3","バッテリーチャージャー","Anker Prime Wall Charger (67W, 3 ports, GaN)"
"B0B6ZQJXW8","スマートタグ","Anker Eufy Security SmartTrack Link"
"B08SQ9GSCV","イヤホン","Jabra Elite 85t ゴールドベージュ"
"B08K2XVVRS","イヤホン","Jabra Elite 85t チタニウムブラック"
"B08SBJQDPH","イヤホン","Jabra Elite 85t ブラック"
"B09DXV26HN","イヤホン","Technics EAH-AZ60-K"
"B0C5WZ737Z","イヤホン","Technics EAH-AZ60M2-K"
"B09DXTWD61","イヤホン","Technics EAH-AZ40-K (ノイキャンなし)"
"B09H6MY31J","イヤホン","Bluetooth 5.1 SHOKZ OpenMove"
"B0C89QM2W3","イヤホン","Shokz OpenComm 2"
"B09TFB6KBW","USBケーブル","UGREEN USB-C Lightningケーブル (0.25m)"
"B07PYP57TQ","USBケーブル","UGREEN USB-C Lightningケーブル (1m)"
"B07Q4TT4TP","USBケーブル","UGREEN USB-C Lightningケーブル (2m)"
"B0BRKPQKW9","USBケーブル","Anker 310 USB-C & USB-C ケーブル 60W USB PD対応 (0.9m)"
"B0BRKRD1LJ","USBケーブル","Anker 310 USB-C & USB-C ケーブル 60W USB PD対応 (1.8m)"
"B01N40PO2M","USBケーブル","Anker iPhone充電ケーブル PowerLine II ライトニングケーブル (0.9m)"
"B09B8RXYM3","スマートホーム","Echo Dot with clock クラウドブルー"
"B07B7NXV4R","スマートホーム","SwitchBot スイッチボット スイッチ 白"
"B0CH86QNSG","イヤホン","Jabra Elite 10 マットブラック"
"B0CH9XD5K6","イヤホン","Jabra Elite 10 グロスブラック"
"B09RWPR4SH","イヤホン","SONY LinkBuds WF-L900 HM グレー"
"B0CBKQZXT7","イヤホン","SONY WF-1000XM5 ブラック"
"B095SJYYV3","イヤホン","SONY WF-1000XM4 BM ブラック"
"B0B127JJQ2","イヤホン","SONY WF-LS900N BC ブラック"
"B0BZGTFF9L","イヤホン","SONY WF-C700N BZ ブラック"
"B09V11SN9N","スマートウォッチ","Xiaomi Watch S1 シルバー"
"B0C7R1RN2D","スマートウォッチ","Redmi Watch 3 Active ブラック"
